"","date","IDXX"
"1",2022-04-18,0.2416
"2",2022-04-19,0.2417
"3",2022-04-20,0.2371
"4",2022-04-21,0.2409
"5",2022-04-22,0.244
"6",2022-04-25,0.2459
"7",2022-04-26,0.2437
"8",2022-04-27,0.238
"9",2022-04-28,0.2313
"10",2022-04-29,0.2375
"11",2022-05-02,0.2442
"12",2022-05-03,0.2525
"13",2022-05-04,0.2438
"14",2022-05-05,0.2379
"15",2022-05-06,0.2361
"16",2022-05-09,0.247
"17",2022-05-10,0.257
"18",2022-05-11,0.2699
"19",2022-05-12,0.2667
"20",2022-05-13,0.2632
"21",2022-05-16,0.2629
"22",2022-05-17,0.2689
"23",2022-05-18,0.272
"24",2022-05-19,0.2733
"25",2022-05-20,0.2667
"26",2022-05-23,0.2576
"27",2022-05-24,0.252
"28",2022-05-25,0.2449
"29",2022-05-26,0.2482
"30",2022-05-27,0.2565
"31",2022-05-31,0.2585
"32",2022-06-01,0.2633
"33",2022-06-02,0.2625
"34",2022-06-03,0.2643
"35",2022-06-06,0.2628
"36",2022-06-07,0.2691
"37",2022-06-08,0.2734
"38",2022-06-09,0.2684
"39",2022-06-10,0.2688
"40",2022-06-13,0.273
"41",2022-06-14,0.2766
"42",2022-06-15,0.2789
"43",2022-06-16,0.2697
"44",2022-06-17,0.2775
"45",2022-06-21,0.2859
"46",2022-06-22,0.2905
"47",2022-06-23,0.2783
"48",2022-06-24,0.273
"49",2022-06-27,0.2631
"50",2022-06-28,0.2591
"51",2022-06-29,0.265
"52",2022-06-30,0.2694
"53",2022-07-01,0.2631
"54",2022-07-05,0.2678
"55",2022-07-06,0.2702
"56",2022-07-07,0.2718
"57",2022-07-08,0.2721
"58",2022-07-11,0.274
"59",2022-07-12,0.272
"60",2022-07-13,0.2733
"61",2022-07-14,0.2798
"62",2022-07-15,0.2831
"63",2022-07-18,0.279
"64",2022-07-19,0.277
"65",2022-07-20,0.2772
"66",2022-07-21,0.281
"67",2022-07-22,0.2802
"68",2022-07-25,0.2827
"69",2022-07-26,0.2844
"70",2022-07-27,0.289
"71",2022-07-28,0.2922
"72",2022-07-29,0.2916
"73",2022-08-01,0.2795
"74",2022-08-02,0.273
"75",2022-08-03,0.2672
"76",2022-08-04,0.2695
"77",2022-08-05,0.2674
"78",2022-08-08,0.2674
"79",2022-08-09,0.2648
"80",2022-08-10,0.269
"81",2022-08-11,0.2825
"82",2022-08-12,0.2938
"83",2022-08-15,0.2941
"84",2022-08-16,0.296
"85",2022-08-17,0.2896
"86",2022-08-18,0.2856
"87",2022-08-19,0.288
"88",2022-08-22,0.2925
"89",2022-08-23,0.2928
"90",2022-08-24,0.2935
"91",2022-08-25,0.2828
"92",2022-08-26,0.2751
"93",2022-08-29,0.2728
"94",2022-08-30,0.2759
"95",2022-08-31,0.2789
"96",2022-09-01,0.282
"97",2022-09-02,0.2815
"98",2022-09-06,0.2779
"99",2022-09-07,0.2767
"100",2022-09-08,0.2882
"101",2022-09-09,0.2967
"102",2022-09-12,0.2996
"103",2022-09-13,0.2855
"104",2022-09-14,0.2822
"105",2022-09-15,0.2762
"106",2022-09-16,0.2819
"107",2022-09-19,0.2861
"108",2022-09-20,0.2874
"109",2022-09-21,0.2863
"110",2022-09-22,0.2821
"111",2022-09-23,0.2822
"112",2022-09-26,0.2783
"113",2022-09-27,0.2684
"114",2022-09-28,0.2722
"115",2022-09-29,0.2677
"116",2022-09-30,0.2682
"117",2022-10-03,0.2736
"118",2022-10-04,0.267
"119",2022-10-05,0.2585
"120",2022-10-06,0.2636
"121",2022-10-07,0.2669
"122",2022-10-10,0.2703
"123",2022-10-11,0.2673
"124",2022-10-12,0.2635
"125",2022-10-13,0.2613
"126",2022-10-14,0.2583
"127",2022-10-17,0.2609
"128",2022-10-18,0.2662
"129",2022-10-19,0.2745
"130",2022-10-20,0.2851
"131",2022-10-21,0.2825
"132",2022-10-24,0.2809
"133",2022-10-25,0.2686
"134",2022-10-26,0.2588
"135",2022-10-27,0.2492
"136",2022-10-28,0.2471
"137",2022-10-31,0.2429
"138",2022-11-01,0.2399
"139",2022-11-02,0.2334
"140",2022-11-03,0.2366
"141",2022-11-04,0.2414
"142",2022-11-07,0.2503
"143",2022-11-08,0.2525
"144",2022-11-09,0.2605
"145",2022-11-10,0.2597
"146",2022-11-11,0.2545
"147",2022-11-14,0.251
"148",2022-11-15,0.2478
"149",2022-11-16,0.2464
"150",2022-11-17,0.2514
"151",2022-11-18,0.253
"152",2022-11-21,0.2488
"153",2022-11-22,0.244
"154",2022-11-23,0.243
"155",2022-11-25,0.2442
"156",2022-11-28,0.2492
"157",2022-11-29,0.245
"158",2022-11-30,0.2407
"159",2022-12-01,0.2394
"160",2022-12-02,0.2405
"161",2022-12-05,0.2472
"162",2022-12-06,0.245
"163",2022-12-07,0.2335
"164",2022-12-08,0.23
"165",2022-12-09,0.2363
"166",2022-12-12,0.2495
"167",2022-12-13,0.2534
"168",2022-12-14,0.2508
"169",2022-12-15,0.2429
"170",2022-12-16,0.2427
"171",2022-12-19,0.25
"172",2022-12-20,0.2584
"173",2022-12-21,0.2524
"174",2022-12-22,0.2508
"175",2022-12-23,0.2391
"176",2022-12-27,0.2387
"177",2022-12-28,0.2432
"178",2022-12-29,0.2462
"179",2022-12-30,0.2443
"180",2023-01-03,0.2491
"181",2023-01-04,0.2529
"182",2023-01-05,0.2512
"183",2023-01-06,0.2504
"184",2023-01-09,0.2597
"185",2023-01-10,0.2625
"186",2023-01-11,0.268
"187",2023-01-12,0.2693
"188",2023-01-13,0.2678
"189",2023-01-17,0.2686
"190",2023-01-18,0.2667
"191",2023-01-19,0.267
"192",2023-01-20,0.2662
"193",2023-01-23,0.2531
"194",2023-01-24,0.2468
"195",2023-01-25,0.2399
"196",2023-01-26,0.234
"197",2023-01-27,0.2367
"198",2023-01-30,0.243
"199",2023-01-31,0.2421
"200",2023-02-01,0.2421
"201",2023-02-02,0.2415
"202",2023-02-03,0.2415
"203",2023-02-06,0.2299
"204",2023-02-07,0.2291
"205",2023-02-08,0.2359
"206",2023-02-09,0.2339
"207",2023-02-10,0.2305
"208",2023-02-13,0.2258
"209",2023-02-14,0.2219
"210",2023-02-15,0.2271
"211",2023-02-16,0.2233
"212",2023-02-17,0.224
"213",2023-02-21,0.2197
"214",2023-02-22,0.2236
"215",2023-02-23,0.2192
"216",2023-02-24,0.2171
"217",2023-02-27,0.2061
"218",2023-02-28,0.1965
"219",2023-03-01,0.1973
"220",2023-03-02,0.2041
"221",2023-03-03,0.2153
"222",2023-03-06,0.2165
"223",2023-03-07,0.2062
"224",2023-03-08,0.2055
"225",2023-03-09,0.2094
"226",2023-03-10,0.2203
"227",2023-03-13,0.2253
"228",2023-03-14,0.2227
"229",2023-03-15,0.2115
"230",2023-03-16,0.2037
"231",2023-03-17,0.207
"232",2023-03-20,0.2106
"233",2023-03-21,0.2047
"234",2023-03-22,0.2074
"235",2023-03-23,0.2068
"236",2023-03-24,0.21
"237",2023-03-27,0.2166
"238",2023-03-28,0.2183
"239",2023-03-29,0.2174
"240",2023-03-30,0.2254
"241",2023-03-31,0.2311
"242",2023-04-03,0.2319
"243",2023-04-04,0.2306
"244",2023-04-05,0.234
"245",2023-04-06,0.2282
"246",2023-04-10,0.2283
"247",2023-04-11,0.224
"248",2023-04-12,0.223
"249",2023-04-13,0.2284
"250",2023-04-14,0.2353
"251",2023-04-17,0.2374
"252",2023-04-18,0.2382
"253",2023-04-19,0.2311
"254",2023-04-20,0.2301
"255",2023-04-21,0.2308
"256",2023-04-24,0.236
"257",2023-04-25,0.2439
"258",2023-04-26,0.2452
"259",2023-04-27,0.24
"260",2023-04-28,0.249
"261",2023-05-01,0.2581
"262",2023-05-02,0.2618
"263",2023-05-03,0.2634
"264",2023-05-04,0.264
"265",2023-05-05,0.2625
"266",2023-05-08,0.2555
"267",2023-05-09,0.2475
"268",2023-05-10,0.2417
"269",2023-05-11,0.2444
"270",2023-05-12,0.2563
"271",2023-05-15,0.261
"272",2023-05-16,0.2618
"273",2023-05-17,0.2556
"274",2023-05-18,0.2587
"275",2023-05-19,0.2611
"276",2023-05-22,0.2725
"277",2023-05-23,0.2767
"278",2023-05-24,0.2723
"279",2023-05-25,0.2699
"280",2023-05-26,0.2696
"281",2023-05-30,0.2646
"282",2023-05-31,0.2715
"283",2023-06-01,0.2667
"284",2023-06-02,0.2669
"285",2023-06-05,0.2708
"286",2023-06-06,0.2764
"287",2023-06-07,0.2725
"288",2023-06-08,0.2735
"289",2023-06-09,0.2705
"290",2023-06-12,0.2716
"291",2023-06-13,0.2788
"292",2023-06-14,0.2847
"293",2023-06-15,0.2804
"294",2023-06-16,0.2784
"295",2023-06-20,0.2733
"296",2023-06-21,0.2774
"297",2023-06-22,0.2832
"298",2023-06-23,0.2856
"299",2023-06-26,0.2825
"300",2023-06-27,0.276
"301",2023-06-28,0.2698
"302",2023-06-29,0.2643
